<?xml version="1.0" ?>
<!DOCTYPE web-app
    PUBLIC "-//Sun Microsystems, Inc.//DTD Web Application 2.3//EN"
    "http://java.sun.com/dtd/web-app_2_3.dtd">
<web-app>
	<servlet>
		<servlet-name>logInit</servlet-name>
		<servlet-class>wg4.fwk.log.LogInitServlet</servlet-class>
		<load-on-startup>1</load-on-startup>
	</servlet>
	<servlet>
		<servlet-name>action</servlet-name>
		<servlet-class>org.apache.struts.action.ActionServlet</servlet-class>
		<init-param>
			<param-name>config</param-name>
			<param-value>/WEB-INF/struts-config.xml</param-value>
		</init-param>
		<init-param>
			<param-name>debug</param-name>
			<param-value>3</param-value>
		</init-param>
		<init-param>
			<param-name>detail</param-name>
			<param-value>3</param-value>
		</init-param>
		<init-param>
			<param-name>validate</param-name>
			<param-value>true</param-value>
		</init-param>
		<init-param>
			<param-name>application</param-name>
			<param-value>ApplicationResources</param-value>
		</init-param>
		<load-on-startup>2</load-on-startup>
	</servlet>
	 <error-page>
    	<error-code>403</error-code>
      	<location>/login.jsp?erreur=droit</location>
    </error-page>-->
	<!-- Action Servlet Mapping -->
	<servlet-mapping>
		<servlet-name>action</servlet-name>
		<url-pattern>*.do</url-pattern>
	</servlet-mapping>
	<servlet-mapping>
		<servlet-name>logInit</servlet-name>
		<url-pattern>*.ajs</url-pattern>
	</servlet-mapping>
	<welcome-file-list>
		<welcome-file>/num_reception.jsp</welcome-file>
	</welcome-file-list>
	<resource-ref>
		<res-ref-name>jdbc/middleware</res-ref-name>
		<res-type>javax.sql.DataSource</res-type>
		<res-auth>Container</res-auth>
	</resource-ref>
	<security-constraint>
		<display-name>Contrainte de securite</display-name>

		<web-resource-collection>
			<web-resource-name>partie protege</web-resource-name>
			<url-pattern>/num_reception.jsp</url-pattern>
			<url-pattern>*.do</url-pattern>
			<http-method>DELETE</http-method>
			<http-method>GET</http-method>
			<http-method>POST</http-method>
			<http-method>PUT</http-method>
		</web-resource-collection>
		<auth-constraint>
			<role-name>admin#NCU</role-name>
			<role-name>user#NCU</role-name>
		</auth-constraint>
	</security-constraint>
	<login-config>
		<auth-method>FORM</auth-method>
		<realm-name>ControleQualite</realm-name>
		<form-login-config>
			<form-login-page>/login.jsp</form-login-page>
			<form-error-page>/login.jsp?erreur=ident</form-error-page>
		</form-login-config>
	</login-config>

</web-app>