<?xml version="1.0" encoding="ISO-8859-1" ?>



<!DOCTYPE struts-config PUBLIC

          "-//Apache Software Foundation//DTD Struts Configuration 1.1//EN"

          "http://jakarta.apache.org/struts/dtds/struts-config_1_1.dtd">

<struts-config>

    <global-exceptions/>

    <global-forwards>
        <forward name="error" path="/standard_error.jsp"/>
        <forward name="bug" path="/bug.jsp"/>
        <forward name="standard_error" path="/standard_error.jsp"/>
    </global-forwards>


    <action-mappings>
        <action path="/LoginAction"
            type="camaieu.pdm.action.LoginAction">
            <forward name="ok" path="/SuiviAction.do"/>
        </action>
        <action path="/SaveModeleAction"
            type="camaieu.pdm.action.UpdateModeleAction">
            <forward name="ok" path="/SuiviAction.do"/>
            <forward name="erreur" path="/details.jsp"/>
        </action>
        <action path="/ShowModeleAction"
            type="camaieu.pdm.action.ShowModeleAction">
            <forward name="ok" path="/details.jsp"/>
        </action>
        <action path="/GetHistoriqueProdAction"
            type="camaieu.pdm.action.GetHistoriqueProdAction">
            <forward name="ok" path="/historique_proto_prod.jsp"/>
        </action>
        <action path="/GetHistoriqueProtoAction"
            type="camaieu.pdm.action.GetHistoriqueProtoAction">
            <forward name="ok" path="/historique_proto.jsp"/>
        </action>
        <action path="/GetHistoriqueFichierAction"
            type="camaieu.pdm.action.GetHistoriqueFichierAction">
            <forward name="ok" path="/historique_fichier.jsp"/>
        </action>
        <action path="/DownloadFileAction"
            type="camaieu.pdm.action.DownloadFileAction">
            <forward name="ok" path="/download_file.jsp"/>
        </action>
        <action path="/FichCommentMapAction"
            type="camaieu.pdm.action.FichCommentMapAction">
            <forward name="ok" path="/download_file.jsp"/>
        </action>
        <action path="/DocMesPatAction"
            type="camaieu.pdm.action.DocMesPatAction">
            <forward name="ok" path="/download_file.jsp"/>
        </action>
        <action path="/FicheCommentProdAction"
            type="camaieu.pdm.action.FichCommentProdAction">
            <forward name="ok" path="/download_file.jsp"/>
        </action>
        <action path="/CopyModeleAction"
            type="camaieu.pdm.action.CopyModeleAction">
            <forward name="ok" path="/details.jsp"/>
        </action>
        <action path="/DeleteModeleAction"
            type="camaieu.pdm.action.DeleteModeleAction">
            <forward name="ok" path="/SuiviAction.do"/>
        </action>
        <action path="/InsertSPPAction"
            type="camaieu.pdm.action.InsertSPPAction">
            <forward name="ok" path="/details.jsp"/>
        </action>
        <action path="/InsertSPMAction"
            type="camaieu.pdm.action.InsertSPMAction">
            <forward name="ok" path="/details.jsp"/>
        </action>
        <action path="/SuiviAction"
            type="camaieu.pdm.action.SuiviAction">
            <forward name="ok" path="/suivi.jsp"/>
            <forward name="csv" path="/suivi_csv.jsp"/>
        </action>
        <action path="/DeleteFileAction"
            type="camaieu.pdm.action.DeleteFileAction">
            <forward name="ok" path="/details.jsp"/>
        </action>


    </action-mappings>


    <!-- ===================================== Controller Configuration -->


    <controller

        processorClass="org.apache.struts.tiles.TilesRequestProcessor"/>





    <!-- ================================ Message Resources Definitions -->


    <message-resources parameter="resources.application"/>





    <!-- ======================================= Plug Ins Configuration -->


    <plug-in className="org.apache.struts.validator.ValidatorPlugIn">

        <set-property

            property="pathnames"

            value="/WEB-INF/validator-rules.xml,/WEB-INF/validation.xml"/>

    </plug-in>


</struts-config>

