<?xml version="1.0" encoding="UTF-8"?>
        
<jbgen>
    <source>
        <driver value="com.microsoft.jdbc.sqlserver.SQLServerDriver"/>
        <url value="jdbc:microsoft:sqlserver://localhost;databaseName=neormfsample"/>
        <user value="sa"/>
        <password value="password"/>
        <schema value="dbo"/>
        <include type="TABLE|VIEW" name="*"/>
        <exclude type="*" name="sys*|dtprop*"/>
    </source>

    <object-mappings>
        <data-objects>
            <do name="Client" table-list="CLIENT*"/>
        </data-objects>
        <business-objects>
            <bo name="FacturationBO" do-list="*Facture*"/>
        </business-objects>
    </object-mappings>
    <target>

        <csharp-dao-target enabled="true">
            <datasource name="MyDataSource"/>
            <package>org.vpc.neormf.testjbgen</package>
            <root-path>generated/src</root-path>
            <log-generation enable="true" api="log4net" layers="do"/>
            <dto-module>
                <include type="*" name="*"/>
                <exclude type="none" name="none"/>
            </dto-module>
            <dao-module/>
        </csharp-dao-target>
    </target>

    <object-definition>
        <do name="Client" title-field="cliName"/>
        <do name="Facture">
            <field name="facValid" isForbiddenOnInsert="true">
                <converter>INTEGER_TO_BOOLEAN</converter>
            </field>
            <field name="facMnt">
                <definition type="FLOAT" nullable="false"/>
                <expression>
                    <sql-query-field-expression>
                       Select Sum(LNF_PRIX*LNF_QTE) From LIGNE_FACTURE Where FAC_ID=LNF_FAC_ID
                    </sql-query-field-expression>
                </expression>
            </field>
        </do>
        <do name="*">
            <field name="*Valid*">
                <converter>INTEGER_TO_BOOLEAN</converter>
            </field>
        </do>
    </object-definition>

</jbgen>

