<?xml version="1.0" encoding="UTF-8"?>
<jbgen>
    <object-definition>
        <do>
            <field name="facValid" isForbiddenOnInsert="true">
                <converter>INTEGER_TO_BOOLEAN</converter>
            </field>
            <field name="facMnt">
                <definition type="FLOAT" nullable="false"/>
                <expression>
                    <sql-query-field-expression>
                       Select Sum(LNF_PRIX*LNF_QTE) From LIGNE_FACTURE Where FAC_ID=LNF_FAC_ID
                    </sql-query-field-expression>
                </expression>
            </field>
        </do>
    </object-definition>
</jbgen>
