<?xml version="1.0" encoding="UTF-8"?>
<jbgen>
    <source>
        <driver value="com.microsoft.jdbc.sqlserver.SQLServerDriver"/>
        <url value="jdbc:microsoft:sqlserver://localhost;databaseName=neormfsample"/>
        <user value="sa"/>
        <password value="password"/>
        <schema value="dbo"/>
        <include type="TABLE|VIEW" name="*"/>
        <exclude type="*" name="sys*|dtprop*"/>
    </source>

    <object-mappings>
        <data-objects>
            <do name="Client" table-list="CLIENT*"/>
        </data-objects>
        <business-objects>
            <bo name="FacturationBO" do-list="*Facture*"/>
        </business-objects>
    </object-mappings>
    
    <target>
        <j2ee-target enabled="true" name="MyJ2EEExample" application-server="jboss4" ejb-version="2.1">
            <datasource name="MyDataSource"/>
            <package>org.vpc.neormf.testjbgen</package>
            <root-path>generated/j2ee-target/src</root-path>
            <log-generation enable="true" api="log4j|stdout" layers="do"/>
            <dto-module/>
            <ejb-module>
                <deployment>
                    <root-path>../deployment</root-path>
                    <ejb-jar>
                        <security-domain value=""/>
                    </ejb-jar>
                </deployment>
                <entity-cmp-remote enabled="false"/>
                <entity-bmp-remote enabled="false"/>
                <entity-cmp-local  enabled="false"/>
                <entity-bmp-local enabled="false"/>
                <session-remote enabled="true"/>
                <session-local  enabled="false"/>
            </ejb-module>
            <dao-module/>
            <ejb-business-delegate-module/>
            <web-module>
                <deployment>
                    <root-path>../deployment</root-path>
                </deployment>
            </web-module>
        </j2ee-target>
    </target>
</jbgen>

