<?xml version="1.0" encoding="UTF-8"?>
       
<jbgen>
    <source>
        <driver value="com.microsoft.jdbc.sqlserver.SQLServerDriver"/>
        <url value="jdbc:microsoft:sqlserver://localhost;databaseName=neormfsample"/>
        <user value="sa"/>
        <password value="password"/>
        <schema value="dbo"/>
        <include type="TABLE|VIEW" name="*"/>
        <exclude type="*" name="sys*|dtprop*"/>
    </source>

    <object-mappings>
        <data-objects>
            <do name="Client" table-list="CLIENT*"/>
        </data-objects>
        <business-objects>
            <bo name="FacturationBO" do-list="*Facture*"/>
        </business-objects>
    </object-mappings>
    
    <target>
        <java-dao-zerolib-target enabled="true" name="MyDAOExample">
            <package>org.vpc.neormf.testjbgen</package>
            <root-path>generated/src</root-path>
            <log-generation enable="true" api="log4j" layers="do"/>
            <dto-module/>
            <dao-module/>
        </java-dao-zerolib-target>
    </target>
</jbgen>

